{"cameraMode":{"drawMode":0,"name":"Shaded","section":"Shading Mode"},"sceneLighting":false,"audioPlay":false,"sceneViewState":{"m_AlwaysRefresh":false,"showFog":true,"showSkybox":false,"showFlares":true,"showImageEffects":true,"showParticleSystems":true,"showVisualEffectGraphs":true,"m_FxEnabled":true},"in2DMode":false,"pivot":{"x":244.40817260742188,"y":0.9138176441192627,"z":187.93002319335938},"rotation":{"x":0.0691009983420372,"y":0.06666397303342819,"z":-0.004594885744154453,"w":0.9953963160514832},"size":0.8660253882408142,"orthographic":false}